{"time_list": [0, 20, 40, 60, 80, 100, 120, 140, 160, 180, 200, 220, 240, 260, 280, 300, 320, 360, 400, 420, 440, 460, 480, 500, 520, 540, 560, 580, 600, 620, 640, 660, 680, 700, 720, 740, 760, 780, 800, 820, 840, 860, 880, 900, 920, 940, 960, 980, 1000, 1020, 1040, 1060, 1080, 1100, 1120, 1160, 1180, 1200, 1220, 1240, 1260, 1280, 1300, 1320, 1340, 1360, 1380, 1400, 1420, 1440, 1460, 1500, 1520, 1540, 1560, 1580, 1600, 1620, 1640, 1660, 1680, 1700, 1720, 1740, 1760, 1780, 1800, 1820, 1840, 1860, 1880, 1900, 1920, 1940, 1960, 1980, 2000, 2020], "SRO_list": [[0.034375, 0.259375, 0.034375, 0.4125, 0.0, 0.11875], [0.046875, 0.24375, 0.034375, 0.41875, 0.0, 0.109375], [0.046875, 0.25, 0.0375, 0.39375, 0.0, 0.1125], [0.05, 0.253125, 0.028125, 0.38125, 0.0, 0.11875], [0.065625, 0.253125, 0.05, 0.309375, 0.003125, 0.096875], [0.053125, 0.24375, 0.028125, 0.39375, 0.0, 0.121875], [0.05, 0.253125, 0.03125, 0.378125, 0.0, 0.11875], [0.05, 0.26875, 0.04375, 0.34375, 0.003125, 0.090625], [0.05625, 0.246875, 0.025, 0.38125, 0.0, 0.121875], [0.05, 0.246875, 0.025, 0.39375, 0.0, 0.128125], [0.05, 0.246875, 0.025, 0.39375, 0.0, 0.128125], [0.04375, 0.259375, 0.03125, 0.3875, 0.0, 0.115625], [0.04375, 0.271875, 0.03125, 0.35625, 0.0, 0.115625], [0.071875, 0.25625, 0.03125, 0.325, 0.0, 0.10625], [0.059375, 0.25, 0.028125, 0.384375, 0.0, 0.09375], [0.0625, 0.253125, 0.025, 0.36875, 0.0, 0.096875], [0.059375, 0.259375, 0.028125, 0.3625, 0.0, 0.09375], [0.046875, 0.271875, 0.0375, 0.35625, 0.0, 0.096875], [0.04375, 0.278125, 0.04375, 0.34375, 0.0, 0.090625], [0.053125, 0.271875, 0.034375, 0.353125, 0.0, 0.090625], [0.04375, 0.278125, 0.04375, 0.353125, 0.0, 0.0875], [0.040625, 0.278125, 0.046875, 0.353125, 0.0, 0.084375], [0.046875, 0.275, 0.040625, 0.340625, 0.0, 0.09375], [0.053125, 0.26875, 0.034375, 0.35625, 0.0, 0.090625], [0.04375, 0.275, 0.04375, 0.359375, 0.0, 0.084375], [0.053125, 0.278125, 0.03125, 0.346875, 0.0, 0.0875], [0.05, 0.275, 0.034375, 0.353125, 0.0, 0.09375], [0.053125, 0.271875, 0.034375, 0.353125, 0.0, 0.090625], [0.04375, 0.284375, 0.040625, 0.346875, 0.0, 0.084375], [0.05625, 0.284375, 0.03125, 0.328125, 0.0, 0.0875], [0.0625, 0.275, 0.028125, 0.33125, 0.003125, 0.09375], [0.05625, 0.28125, 0.03125, 0.340625, 0.0, 0.084375], [0.053125, 0.271875, 0.04375, 0.34375, 0.0, 0.084375], [0.059375, 0.28125, 0.0375, 0.3125, 0.0, 0.1], [0.046875, 0.278125, 0.025, 0.353125, 0.00625, 0.10625], [0.053125, 0.296875, 0.034375, 0.3125, 0.003125, 0.078125], [0.05, 0.296875, 0.034375, 0.321875, 0.003125, 0.08125], [0.04375, 0.2875, 0.046875, 0.321875, 0.0, 0.0875], [0.059375, 0.271875, 0.034375, 0.328125, 0.0, 0.096875], [0.059375, 0.271875, 0.034375, 0.33125, 0.003125, 0.090625], [0.059375, 0.2875, 0.0375, 0.296875, 0.0, 0.090625], [0.0625, 0.265625, 0.034375, 0.3375, 0.003125, 0.090625], [0.0625, 0.271875, 0.034375, 0.3375, 0.003125, 0.078125], [0.05, 0.278125, 0.046875, 0.325, 0.0, 0.0875], [0.059375, 0.2625, 0.04375, 0.328125, 0.0, 0.090625], [0.05625, 0.271875, 0.04375, 0.321875, 0.003125, 0.084375], [0.065625, 0.26875, 0.03125, 0.340625, 0.0, 0.084375], [0.065625, 0.265625, 0.03125, 0.35, 0.00625, 0.078125], [0.0625, 0.28125, 0.0375, 0.3125, 0.003125, 0.078125], [0.059375, 0.25, 0.046875, 0.353125, 0.003125, 0.090625], [0.059375, 0.2625, 0.0375, 0.3375, 0.00625, 0.09375], [0.06875, 0.253125, 0.034375, 0.35, 0.003125, 0.084375], [0.05625, 0.25625, 0.05, 0.334375, 0.0, 0.096875], [0.053125, 0.271875, 0.04375, 0.3375, 0.003125, 0.08125], [0.065625, 0.265625, 0.034375, 0.328125, 0.003125, 0.0875], [0.0625, 0.271875, 0.0375, 0.321875, 0.003125, 0.084375], [0.053125, 0.24375, 0.040625, 0.375, 0.0, 0.103125], [0.059375, 0.265625, 0.046875, 0.33125, 0.0, 0.08125], [0.065625, 0.265625, 0.0375, 0.328125, 0.003125, 0.084375], [0.053125, 0.25, 0.04375, 0.371875, 0.0, 0.090625], [0.053125, 0.259375, 0.05, 0.353125, 0.0, 0.0875], [0.059375, 0.259375, 0.05, 0.321875, 0.003125, 0.096875], [0.05625, 0.246875, 0.05, 0.359375, 0.0, 0.09375], [0.053125, 0.271875, 0.040625, 0.346875, 0.003125, 0.08125], [0.05625, 0.275, 0.034375, 0.340625, 0.003125, 0.090625], [0.059375, 0.259375, 0.0375, 0.34375, 0.003125, 0.1], [0.053125, 0.271875, 0.040625, 0.340625, 0.00625, 0.084375], [0.059375, 0.2625, 0.03125, 0.35625, 0.003125, 0.090625], [0.05625, 0.25, 0.040625, 0.359375, 0.003125, 0.103125], [0.059375, 0.24375, 0.0375, 0.3625, 0.003125, 0.109375], [0.059375, 0.265625, 0.040625, 0.340625, 0.003125, 0.0875], [0.05625, 0.271875, 0.040625, 0.334375, 0.003125, 0.0875], [0.059375, 0.26875, 0.04375, 0.325, 0.0, 0.1], [0.06875, 0.240625, 0.0375, 0.35625, 0.003125, 0.1], [0.065625, 0.246875, 0.0375, 0.35, 0.003125, 0.1], [0.059375, 0.24375, 0.040625, 0.35625, 0.003125, 0.1125], [0.059375, 0.246875, 0.04375, 0.35625, 0.003125, 0.1], [0.05625, 0.25, 0.04375, 0.353125, 0.003125, 0.10625], [0.053125, 0.284375, 0.021875, 0.315625, 0.003125, 0.125], [0.0625, 0.25, 0.04375, 0.340625, 0.003125, 0.1], [0.053125, 0.28125, 0.021875, 0.328125, 0.003125, 0.115625], [0.065625, 0.246875, 0.05, 0.325, 0.003125, 0.1], [0.065625, 0.24375, 0.04375, 0.346875, 0.003125, 0.1], [0.05, 0.284375, 0.021875, 0.33125, 0.003125, 0.115625], [0.0625, 0.253125, 0.040625, 0.334375, 0.003125, 0.10625], [0.06875, 0.24375, 0.0375, 0.35, 0.00625, 0.1], [0.0625, 0.25, 0.04375, 0.340625, 0.003125, 0.1], [0.071875, 0.25, 0.040625, 0.321875, 0.003125, 0.103125], [0.065625, 0.25625, 0.0375, 0.3375, 0.00625, 0.09375], [0.065625, 0.25, 0.046875, 0.328125, 0.003125, 0.103125], [0.065625, 0.25, 0.040625, 0.33125, 0.003125, 0.10625], [0.071875, 0.25, 0.0375, 0.328125, 0.003125, 0.1], [0.0625, 0.25625, 0.046875, 0.321875, 0.003125, 0.103125], [0.059375, 0.253125, 0.04375, 0.34375, 0.003125, 0.1], [0.065625, 0.24375, 0.0375, 0.35625, 0.00625, 0.1], [0.065625, 0.25625, 0.040625, 0.325, 0.00625, 0.103125], [0.05, 0.290625, 0.025, 0.309375, 0.0, 0.125], [0.065625, 0.25625, 0.040625, 0.325, 0.00625, 0.103125]]}